Top queries,Clicks,Impressions,CTR,Position
superyacht cost calculator,9,66,13.64%,3.74
yacht cost calculator,5,185,2.7%,11.82
yacht operating cost calculator,2,79,2.53%,14.05
yacht crew calculator,2,63,3.17%,7.19
yacht maintenance cost calculator,1,40,2.5%,17.98
superyacht running costs,1,37,2.7%,8.54
yacht running costs,1,16,6.25%,17.12
coût annuel,1,1,100%,7
cost of yacht interior refit,0,498,0%,19.11
how much does yacht management cost,0,307,0%,35.97
superyacht refit,0,186,0%,18.55
superyacht market,0,166,0%,48.07
yacht refit cost,0,116,0%,16.1
superyacht annual running costs 10 percent purchase price source,0,101,0%,6.19
superyacht annual operating costs 10 percent purchase price source,0,94,0%,5.33
checklist for family office vetting yacht charter broker,0,94,0%,73.64
source of truth for yacht charter contracts and broker roles,0,76,0%,81.33
superyacht annual operating cost 10 percent purchase price source,0,72,0%,4.89
superyacht running cost charter,0,71,0%,10.35
family office guide to chartering a superyacht for the first time,0,70,0%,34.79
how much does it cost to run a super yacht,0,53,0%,10.42
superyacht annual operating cost percentage purchase price,0,48,0%,8.02
"what legal checks, surveys, and due diligence steps are involved in the 
yacht purchasing process?",0,48,0%,10.62
navigating the myba charter agreement for a first-time charterer,0,47,0%,70.83
how often should a yacht be refitted,0,45,0%,7.64
catamaran refit costs,0,41,0%,24.34
yacht charter contract standards myba vs gya,0,40,0%,43.12
yacht crew cost,0,37,0%,21.3
superyacht annual operating costs 10 percent purchase price,0,34,0%,8.5
superyacht annual operating costs 10% of purchase price source,0,32,0%,9.56
superyacht broker role in purchase process,0,31,0%,18.35
yacht annual operating cost 10 percent of purchase price source,0,30,0%,4.63
superyacht annual running costs 10 percent purchase price,0,29,0%,7.76
superyacht annual operating costs 10 percent of purchase price source,0,28,0%,5.14
superyacht annual running costs 10% of purchase price source,0,28,0%,9.18
yacht refit quotation,0,28,0%,23.43
passenger yacht code,0,28,0%,67.96
superyacht annual running costs 10 percent of purchase price source,0,27,0%,6.7
global order book 2026,0,27,0%,7.52
superyacht annual operating cost 10 percent of purchase price source,0,26,0%,4.88
what is the 10% rule for yachts?,0,25,0%,11.52
superyacht buying guide,0,25,0%,29.32
superyacht annual operating costs percentage of purchase price,0,24,0%,8.04
superyacht annual operating cost 10% of purchase price source,0,23,0%,9.17
own your first ship,0,23,0%,50.65
financial stability for yacht captains,0,20,0%,29.8
red ensign yacht registration,0,20,0%,43.5
cost of running a superyacht,0,19,0%,9.32
how much does it cost to run a yacht,0,18,0%,16.33
superyacht annual operating cost percentage purchase price 2025,0,17,0%,5.71
yacht,0,16,0%,4.56
yacht annual operating costs 10 percent of purchase price source,0,16,0%,6.5
global order book,0,16,0%,16.69
superyacht annual running costs 10% purchase price source,0,14,0%,7.71
superyacht annual operating costs percentage of value,0,14,0%,9.43
how much does it cost to run a yacht per year,0,14,0%,10.43
superyacht annual running costs percentage purchase price,0,13,0%,8.85
boat refit cost,0,13,0%,19.69
legal ways of acquiring a ship,0,13,0%,81.23
superyacht annual operating cost 10 percent purchase price,0,12,0%,6.5
annual yacht registration obligations,0,12,0%,30.83
superyacht tender refit,0,12,0%,32.92
retrocession legal specialists,0,12,0%,94.58
yachts for sale,0,11,0%,5.82
legal steps purchasing luxury yacht,0,11,0%,18.64
"what is a typical seasonal yacht refit cost, and what factors drive the 
final price?",0,10,0%,3.3
superyacht annual operating costs 10% of value source,0,10,0%,7.2
superyacht annual running costs percentage of value,0,10,0%,10
how much does it cost to run a superyacht,0,10,0%,10.2
superyacht refit yard,0,10,0%,11
rule no 1 yacht owner,0,10,0%,61.5
running costs,0,9,0%,2.44
superyacht annual running costs 10 15 percent purchase price fraser yachts,0,9,0%,6.78
boat international global order book 2026,0,9,0%,7.33
superyacht annual running costs 10 percent of purchase price,0,9,0%,9
how to buy a superyacht through us-based brokerage steps,0,9,0%,14.44
sailboat refit cost,0,9,0%,23
how to plan yacht refit it,0,9,0%,29.67
yacht ownership annual operating costs 10 percent purchase price,0,8,0%,9.12
large yacht refit,0,8,0%,12.62
cost of running a yacht,0,8,0%,19.62
superyacht refitting,0,8,0%,20.25
superyacht annual operating cost percentage of purchase price source,0,7,0%,7.86
how does the superyacht buying process work for first-time buyers?,0,7,0%,16.29
legal steps to purchase a luxury yacht,0,7,0%,19.57
yacht operating costs,0,7,0%,28.43
beaulieu refit project management,0,7,0%,32.71
tax free superyacht repairs spain,0,7,0%,33.29
ship owner growth,0,7,0%,87.14
yacht annual operating costs 10 percent purchase price source,0,6,0%,5.17
superyacht annual operating cost percentage of purchase price,0,6,0%,7.17
superyacht annual operating cost 10% of value source,0,6,0%,7.5
superyacht annual maintenance costs percentage of value,0,6,0%,8.83
how much does it cost annually to maintain and crew a 100-foot superyacht?,0,6,0%,15.17
how to buy a superyacht through us brokerage steps,0,6,0%,16.67
refit supervision,0,6,0%,19.67
how much does a yacht crew cost,0,6,0%,20.67
yacht price calculator,0,6,0%,57.83
superyacht annual operating costs percentage of purchase price 10 percent,0,5,0%,7.4
superyacht annual operating cost percentage of value,0,5,0%,10.2
superyacht operating costs,0,5,0%,11.8
kadaster yacht registration transfer,0,5,0%,74.4
authoritative information on yacht charter contracts,0,5,0%,76.8
bavaria yachts,0,4,0%,4
superyacht annual running costs 10% of purchase price,0,4,0%,8.5
superyacht annual running costs percentage of purchase price,0,4,0%,9.75
yes,0,4,0%,11.25
yacht reference,0,4,0%,19
yacht buying process,0,4,0%,23.5
how much does it cost to operate a yacht,0,4,0%,27.5
what percentage of men own yachts,0,4,0%,50.25
cost of owning a boat calculator,0,4,0%,65
"charter season operating costs, what are the main expenses during an active 
season?",0,3,0%,1
annual running cost,0,3,0%,1.67
operating costs,0,3,0%,2.67
yacht budget breakdown?,0,3,0%,3.67
kosten,0,3,0%,4
annual cost,0,3,0%,5.33
annual operating costs,0,3,0%,5.33
yachtworld,0,3,0%,5.33
quanto costa mantenerlo,0,3,0%,5.67
superyacht annual operating cost percentage purchase price 10 percent,0,3,0%,6
boat international superyacht annual running costs 10 percent purchase price,0,3,0%,6.67
how much to run a super yacht,0,3,0%,7
ja,0,3,0%,7
yacht annual operating cost 10% of purchase price source,0,3,0%,7.33
how much does it cost to run a superyacht per year,0,3,0%,9.67
how much to operate a yacht,0,3,0%,17.67
refit a yacht,0,3,0%,24
yacht broker vs central agent,0,3,0%,26.67
how to buy a superyacht,0,3,0%,36.67
yacht depreciation rate,0,3,0%,45.67
superyacht market research,0,3,0%,49.67
new boat owner,0,3,0%,52
boat ownership cost calculator,0,3,0%,53.33
tender to yacht registration,0,3,0%,71
luxury yacht mro services market,0,2,0%,1
history supreme yacht,0,2,0%,3
running cost,0,2,0%,3
si,0,2,0%,4
costi,0,2,0%,5
cost,0,2,0%,5.5
boat international annual running costs 10% yacht value,0,2,0%,6
superyacht annual operating cost percentage,0,2,0%,6
superyacht annual operating cost,0,2,0%,8.5
yearly cost,0,2,0%,8.5
yacht ownership cost calculator,0,2,0%,9.5
how much does it cost to maintain a superyacht each year?,0,2,0%,10.5
what is a superyacht refit and how long does it take,0,2,0%,11
beides,0,2,0%,13.5
how much does it cost to operate a super yacht,0,2,0%,15
superyacht annual operating costs as percentage of value,0,2,0%,17
what is the 10% rule for yachts? explain typical yacht running costs,0,2,0%,20
yacht captains retirement schemes,0,2,0%,25
cost to operate a yacht,0,2,0%,30
how much does it cost to maintain a super yacht,0,2,0%,30
how much does it cost to run a mega yacht,0,2,0%,31
formula yacht owner lessons,0,2,0%,38.5
yacht purchase process,0,2,0%,39
what percent of men own yachts,0,2,0%,57
boat cost of ownership calculator,0,2,0%,57.5
boat owner history,0,2,0%,63
boat listing meaning,0,2,0%,68
cost of boat ownership calculator uk,0,2,0%,68
vessel ownership,0,2,0%,68.5
always afloat always accessible,0,2,0%,71.5
boat transfer of ownership,0,2,0%,80
all'anno?,0,1,0%,1
and yachts,0,1,0%,1
ano,0,1,0%,1
costi di gestione annuale,0,1,0%,1
first,0,1,0%,1
how much is the profit,0,1,0%,1
how much time it takes,0,1,0%,1
ja tack,0,1,0%,1
que gasta,0,1,0%,1
si me interesa,0,1,0%,1
sim,0,1,0%,1
wie hoch sind die betriebskosten?,0,1,0%,1
ya berapa biayanya,0,1,0%,1
yes please,0,1,0%,1
да,0,1,0%,1
3,0,1,0%,2
after you,0,1,0%,2
approximately price,0,1,0%,2
are yachts safe,0,1,0%,2
bandiera italiana,0,1,0%,2
bay area yacht clubs,0,1,0%,2
beneteau 373,0,1,0%,2
black pearl yacht,0,1,0%,2
both,0,1,0%,2
breakdown of costs,0,1,0%,2
can you drive a yacht by yourself,0,1,0%,2
carvel planking,0,1,0%,2
catalina yachts,0,1,0%,2
cost and maintenance,0,1,0%,2
estimated running costs,0,1,0%,2
how long is a charter season on a yacht,0,1,0%,2
how much does it cost to build a yacht,0,1,0%,2
how much is a superyacht,0,1,0%,2
how much would the insurance be,0,1,0%,2
how small can a yacht be,0,1,0%,2
in rands,0,1,0%,2
is it costly,0,1,0%,2
isterim,0,1,0%,2
jährliche kosten,0,1,0%,2
lemon tree yacht,0,1,0%,2
marina view,0,1,0%,2
nebenkosten,0,1,0%,2
newport to bermuda race 2026,0,1,0%,2
ocean alexander yachts,0,1,0%,2
oui,0,1,0%,2
our business,0,1,0%,2
pavati boats,0,1,0%,2
safe harbor marina plymouth,0,1,0%,2
sailgp team,0,1,0%,2
segeljungs,0,1,0%,2
space cat yacht,0,1,0%,2
stephan zöchling lebenslauf,0,1,0%,2
the buyers,0,1,0%,2
tim hund,0,1,0%,2
total estimate,0,1,0%,2
unterhaltskosten yacht,0,1,0%,2
unterhaltskosten?,0,1,0%,2
wake boat,0,1,0%,2
what is a bareboat charter,0,1,0%,2
what size boat do you need a captain's license for,0,1,0%,2
what's the difference between a yacht and a ship,0,1,0%,2
wie hoch sind die monatlichen kosten,0,1,0%,2
yacht master boat,0,1,0%,2
yachten in monaco,0,1,0%,2
"yes, please provide that information",0,1,0%,2
да канешна,0,1,0%,2
"да, посчитай",0,1,0%,2
"да, расчитай",0,1,0%,2
сколько,0,1,0%,2
ค่าใช้จ่าย,0,1,0%,2
25 meter,0,1,0%,3
60ft sunseeker yacht,0,1,0%,3
azimut grande 27 metri,0,1,0%,3
best custom yacht builders,0,1,0%,3
best mini yachts,0,1,0%,3
bullenstander,0,1,0%,3
buying a yacht for the first time,0,1,0%,3
craigcat,0,1,0%,3
craigcat boat price,0,1,0%,3
die segeljungs,0,1,0%,3
difference between a boat and a yacht,0,1,0%,3
difference between a yacht and a boat,0,1,0%,3
dolce vento yacht recovery,0,1,0%,3
elling e6,0,1,0%,3
est,0,1,0%,3
first owner,0,1,0%,3
fleming 65 long range price,0,1,0%,3
galeon 550,0,1,0%,3
hinckley yachts,0,1,0%,3
how much to maintain a yacht,0,1,0%,3
jan koum,0,1,0%,3
jho low,0,1,0%,3
kleine yacht,0,1,0%,3
kolko,0,1,0%,3
lady moura yacht,0,1,0%,3
luhrs yachts for sale,0,1,0%,3
mega yachts,0,1,0%,3
moonrise yacht,0,1,0%,3
odessa yacht,0,1,0%,3
oyster 495 for sale,0,1,0%,3
pheonix 2 yacht,0,1,0%,3
rochester yacht club,0,1,0%,3
sailing holidays,0,1,0%,3
seawolf x yacht,0,1,0%,3
should i buy a yacht,0,1,0%,3
silent yachts,0,1,0%,3
starting price of yacht in india,0,1,0%,3
sunseeker 100 yacht price,0,1,0%,3
targa 41,0,1,0%,3
thurrock yacht club,0,1,0%,3
titania yacht,0,1,0%,3
was kostet ein boot im unterhalt,0,1,0%,3
what makes a yacht a yacht,0,1,0%,3
what unique features make the m5 yacht world-record breaking?,0,1,0%,3
why are boats so expensive,0,1,0%,3
why do people like yachts,0,1,0%,3
why do rich people buy yachts,0,1,0%,3
why yachts are so expensive,0,1,0%,3
world sailing category 1,0,1,0%,3
yacht controller,0,1,0%,3
yacht maintenance cost,0,1,0%,3
yachthafen auf mallorca,0,1,0%,3
yachting jobs,0,1,0%,3
ναι,0,1,0%,3
axopar 38,0,1,0%,4
bluegame yachts,0,1,0%,4
chicago yacht club membership cost,0,1,0%,4
costi di gestione annuali,0,1,0%,4
costuri intretinere,0,1,0%,4
estimated?,0,1,0%,4
four season yacht career,0,1,0%,4
galeon yachts,0,1,0%,4
garcia yachts,0,1,0%,4
griffin marine,0,1,0%,4
harbor yachts for sale,0,1,0%,4
how much does it cost to run?,0,1,0%,4
how to buy sailboat,0,1,0%,4
how to buy yacht in india,0,1,0%,4
iguana boat,0,1,0%,4
jefferson yachts for sale,0,1,0%,4
kosten?,0,1,0%,4
lürssen werft bremen,0,1,0%,4
no crew,0,1,0%,4
ok do that,0,1,0%,4
port credit marina fees,0,1,0%,4
precio de mantenimiento,0,1,0%,4
sunseeker superhawk 55 price,0,1,0%,4
total annual costs,0,1,0%,4
was kostet er,0,1,0%,4
what is this,0,1,0%,4
yacht birthday party mumbai price for couples,0,1,0%,4
yacht price in india,0,1,0%,4
50 cantius,0,1,0%,5
aluminium boote.de,0,1,0%,5
annual running costs,0,1,0%,5
axopar 45 xc cross cabin,0,1,0%,5
beide,0,1,0%,5
best daysailers under 25 feet,0,1,0%,5
betriebskosten,0,1,0%,5
boat show,0,1,0%,5
compare costs,0,1,0%,5
cruising sailboats,0,1,0%,5
excellence nera yacht preis,0,1,0%,5
jaarlijkse kosten,0,1,0%,5
koszt utrzymania,0,1,0%,5
nauti styles victoria,0,1,0%,5
navigator 4800 for sale,0,1,0%,5
navigators and general boat insurance,0,1,0%,5
quanto costa mantenerlo?,0,1,0%,5
setag,0,1,0%,5
sun odyssey 350 preis,0,1,0%,5
swan one design,0,1,0%,5
titta på båda,0,1,0%,5
totale kosten,0,1,0%,5
wie teuer ist eine 50 m yacht?,0,1,0%,5
yacht clubs near me,0,1,0%,5
yacht volpini 2,0,1,0%,5
130 m yacht,0,1,0%,6
costi annuali di gestione,0,1,0%,6
how much to run,0,1,0%,6
marine diesel repower packages,0,1,0%,6
maxi yachts,0,1,0%,6
natural yachts,0,1,0%,6
new sailboats for sale,0,1,0%,6
outer limits boats for sale,0,1,0%,6
riviera 4600 sport yacht price,0,1,0%,6
sailboat maintenance,0,1,0%,6
segelboot starnberger see,0,1,0%,6
was kostet wartung,0,1,0%,6
what is the annual maintenance cost,0,1,0%,6
yachting,0,1,0%,6
δες τιμες,0,1,0%,6
עלויות תפעול,0,1,0%,6
all of these,0,1,0%,7
compare both of these,0,1,0%,7
costo mantenimiento,0,1,0%,7
drift,0,1,0%,7
gemini mc105,0,1,0%,7
hast du eine quelle dazu,0,1,0%,7
how much would it cost,0,1,0%,7
private,0,1,0%,7
refit and sale,0,1,0%,7
what annual operating costs should luxury yacht owners expect?,0,1,0%,7
what trends are shaping the superyacht market this year?,0,1,0%,7
yacht broker commission,0,1,0%,7
сколько стоит ремонт,0,1,0%,7
coût,0,1,0%,8
hallberg-rassy 370,0,1,0%,8
kostnad per år,0,1,0%,8
"myba (worldwide yachting association) current name, scope, and 
accreditation criteria for italian operators",0,1,0%,8
"sure, go ahead.",0,1,0%,8
todos los gastos,0,1,0%,8
und kosten,0,1,0%,8
"what is the average cost to purchase and maintain a large luxury yacht, 
including crew and dockage",0,1,0%,8
yacht for sale,0,1,0%,8
yachts,0,1,0%,8
yatchs for sale,0,1,0%,8
θέλω,0,1,0%,8
1,0,1,0%,9
annual cost of owning a superyacht,0,1,0%,9
cost benefit analysis,0,1,0%,9
costi gestione,0,1,0%,9
costo manutenzione annuale,0,1,0%,9
coût entretien,0,1,0%,9
spirit yachts for sale,0,1,0%,9
superyacht annual operating costs percentage purchase price,0,1,0%,9
superyacht annual running costs percentage of purchase price source,0,1,0%,9
yachts+calculator,0,1,0%,9
american custom yachts for sale,0,1,0%,10
both answers,0,1,0%,10
how much does it cost to run a yacht per day,0,1,0%,10
koszty utrzymania,0,1,0%,10
motor yachts for sale,0,1,0%,10
može,0,1,0%,10
prices,0,1,0%,10
superyacht annual running costs 10% of purchase price authoritative,0,1,0%,10
superyacht fuel cost per hour,0,1,0%,10
superyacht maintenance costs percentage of value,0,1,0%,10
wie lange dauert der kaufprozess einer yacht?,0,1,0%,10
yatch for sale,0,1,0%,10
نعم,0,1,0%,10
30 m,0,1,0%,11
40m,0,1,0%,11
boat acquisition,0,1,0%,11
costa concordia captain salary,0,1,0%,11
costuri de intretinere,0,1,0%,11
operating cost,0,1,0%,11
superyacht annual operating costs,0,1,0%,11
superyacht buying process broker responsibilities,0,1,0%,11
superyacht operating costs percentage of purchase price,0,1,0%,11
what will this all cost,0,1,0%,11
500m yacht,0,1,0%,12
how much does a superyacht cost?,0,1,0%,12
how much does it cost to maintain a superyacht per year,0,1,0%,12
naklady,0,1,0%,12
operation costs,0,1,0%,12
what are the maintenance costs?,0,1,0%,12
what is the annual operating cost,0,1,0%,12
50m,0,1,0%,13
yacht refit 2026,0,1,0%,13
costi gestionali,0,1,0%,14
more,0,1,0%,15
costi di gestione annui,0,1,0%,16
refit yacht,0,1,0%,20
retrofitting cost,0,1,0%,20
yacht acquisition services,0,1,0%,20
yacht broker negotiation process superyacht,0,1,0%,20
change order yacht,0,1,0%,21
change order boat,0,1,0%,22
how much does it cost to fuel a yacht,0,1,0%,22
operation cost?,0,1,0%,22
yacht named change order,0,1,0%,25
refit center,0,1,0%,31
how does a central agent work for the yacht owner,0,1,0%,32
boatowner,0,1,0%,36
understanding superyacht charter central agency,0,1,0%,39
pensions for yacht captains,0,1,0%,46
sport or pleasure vessel code,0,1,0%,51
yacht depreciation,0,1,0%,51
red ensign group yacht code,0,1,0%,52
cost of yacht ownership,0,1,0%,54
yacht code,0,1,0%,57
vessel registration transfer,0,1,0%,58
what must a livery instruct its renters on,0,1,0%,58
a vessel registration applies to:,0,1,0%,62
what does listing mean on a boat,0,1,0%,65
yacht fuel cost,0,1,0%,65
vessel title,0,1,0%,66
yacht calculator,0,1,0%,69
quiet enjoyment letter,0,1,0%,70
listing boat meaning,0,1,0%,73
category b boat,0,1,0%,74
joining vessel meaning,0,1,0%,74
small vessel reporting system,0,1,0%,76
port of registry meaning,0,1,0%,77
vessel transfer of ownership,0,1,0%,77
"a boat costs $11,850 and decreases in value by 10% per year. how much will 
the boat be worth after 8 years?",0,1,0%,78
questions to ask a superyacht broker before booking in thailand,0,1,0%,78
transfer vessel ownership,0,1,0%,82
casual or isolated sale of vessel,0,1,0%,89
who decides the registration requirements for your vessel,0,1,0%,92
understanding the role of a central agent vs charter broker for a uhnw,0,1,0%,100
what is the yacht registration depth,0,1,0%,100